USER_ID,ITEM_ID,TIMESTAMP
9,10,1472782430
6,1,1424260509
25,9,1614670795
12,4,1517339260
2,4,1587676937
24,10,1537203518
13,6,1517866246
1,2,1544666852
12,4,1559185230
5,9,1558009998
1,2,1605144721
22,7,1555383630
17,8,1526239535
8,6,1504514923
12,7,1463008276
16,1,1585996198
23,6,1572317578
13,9,1555624578
7,4,1572825210
7,7,1427365309
3,6,1524973753
22,8,1550261422
6,1,1549888515
16,3,1613650863
6,2,1452984588
23,1,1605631033
15,4,1592160785
8,6,1455882465
11,3,1529531194
21,2,1595101838
5,4,1432309636
17,4,1595254117
11,1,1469015373
10,4,1420015651
13,1,1601608206
14,6,1422661870
7,4,1611301307
15,4,1486285375
6,3,1424496742
10,9,1540069221
17,4,1490045399
16,3,1540232739
19,6,1604767334
19,7,1480917809
12,4,1469152735
8,6,1571752137
3,1,1593021828
1,3,1449741408
17,7,1551254745
1,3,1443211183
8,1,1434119839
17,4,1597764119
14,7,1570363931
12,7,1612240617
19,10,1489551977
10,9,1457026731
3,1,1425783863
11,3,1448751760
24,6,1601897101
6,3,1615820093
17,4,1584915324
19,6,1417926840
6,1,1475869106
15,5,1511604447
3,9,1484979495
1,3,1517358896
6,2,1486246815
11,3,1436838732
17,4,1605140386
20,9,1514131092
23,6,1442897139
6,1,1527923708
4,10,1472275438
13,6,1588378776
18,9,1516434507
11,1,1482204129
10,9,1529286016
16,2,1512382497
5,5,1608938262
20,5,1536776695
18,9,1498973238
18,1,1580624181
20,9,1513405582
6,1,1557506499
17,8,1608772615
10,4,1577809069
5,5,1554290584
5,5,1570208656
10,9,1518276052
16,1,1568478830
25,5,1585560874
17,8,1439000211
25,4,1492550176
13,1,1602598909
11,1,1584272255
6,2,1579110434
25,5,1581970098
24,7,1440307358
25,5,1517137112
6,2,1460962284
2,7,1490886830
8,9,1482674541
7,4,1447004608
13,6,1576877586
10,9,1441259410
7,7,1486899943
22,7,1582171705
6,1,1574068007
17,7,1522503736
14,10,1477748016
5,9,1446592048
20,4,1519828433
10,4,1567279926
10,9,1458512430
16,3,1591187242
5,4,1611170518
8,1,1610390288
12,4,1532709802
14,7,1421515308
4,7,1442795770
25,5,1506896869
23,6,1439966579
10,9,1584845380
24,6,1514550524
19,7,1591970562
7,8,1579190425
3,1,1520100019
15,4,1448665168
24,6,1584197812
15,4,1585694305
21,3,1507261593
23,1,1504980905
10,4,1600073206
21,3,1467777550
17,7,1525618437
23,6,1554797084
11,1,1595236449
17,8,1492352626
25,9,1567595964
7,8,1613734839
25,9,1576737879
1,1,1446969495
9,7,1506118559
9,10,1512478702
23,1,1450126478
16,2,1528908533
7,4,1589179377
7,8,1539477268
22,8,1450211504
5,9,1479993580
20,9,1485064891
19,10,1568437658
16,1,1416678344
21,3,1508690898
1,1,1614197432
22,8,1607861475
25,4,1490965115
1,3,1519298183
21,3,1553860423
2,8,1600813348
21,3,1470610657
20,9,1615885588
13,9,1474169811
10,4,1551130932
4,6,1457646244
21,2,1523511678
3,6,1576839914
24,7,1464231607
2,4,1458219399
6,2,1498339480
22,7,1567548715
10,4,1579176950
16,1,1530876750
21,3,1582097321
22,4,1476377958
19,10,1523762128
23,1,1541151466
18,6,1505186739
17,4,1500581443
8,9,1614945640
20,9,1528777852
6,1,1570847988
22,4,1579655564
13,9,1546275435
12,4,1586511565
10,4,1581069899
8,6,1455722564
17,7,1420840535
14,10,1601865719
16,2,1529461364
20,4,1588046191
8,6,1519679190
23,9,1555258774
3,9,1461228688
12,4,1490124715
25,4,1610290819
2,8,1442630407
4,10,1527111039
7,4,1561003312
12,4,1605715117
18,6,1478505998
20,5,1426391168
10,5,1518055365
8,1,1526336641
19,10,1580699609
12,8,1600156721
9,7,1434863146
16,2,1426579364
18,1,1516993893
17,7,1612789537
12,4,1488919504
4,7,1474924026
4,7,1543323110
13,1,1589733752
3,6,1506005257
19,7,1502170034
17,7,1580359790
23,9,1481533492
25,9,1493262499
15,9,1489748225
25,5,1607173793
2,7,1496434928
24,6,1461846396
17,4,1470242424
24,6,1431682469
22,7,1489738246
14,7,1469612963
3,9,1548622654
1,2,1613203809
24,6,1436907098
5,5,1606342679
7,7,1559868020
8,9,1535893628
14,10,1536515684
17,8,1503747038
18,1,1462625520
8,1,1496725169
7,4,1596132463
13,9,1470908784
10,9,1598267258
19,7,1608418721
9,6,1484548793
11,2,1487296355
22,4,1422073447
15,9,1422750657
24,10,1510897899
25,4,1480161154
14,6,1571480114
17,8,1596520390
22,8,1561593190
24,7,1467221816
22,7,1586358556
4,10,1431495183
21,2,1554263024
16,1,1548946066
24,7,1598741919
1,3,1460173389
2,7,1531533771
23,6,1512056002
2,7,1506766671
17,4,1419537878
3,6,1576223505
4,7,1497234716
15,4,1421306545
10,5,1582305071
9,6,1435764675
10,5,1419172746
18,1,1610591595
21,3,1500769917
22,7,1436313502
7,7,1428563337
9,6,1512227699
11,2,1613640393
12,8,1506059693
19,7,1534545089
24,10,1554302890
13,6,1446591164
17,4,1515417799
12,4,1425086771
2,4,1489258518
19,6,1434261633
15,9,1502582189
15,9,1455652740
20,4,1614551453
16,1,1458962697
11,1,1537877285
18,9,1551423487
9,7,1573620833
15,5,1445940121
5,9,1428841905
8,1,1426158089
19,6,1469703453
22,7,1582133504
9,7,1556303819
8,1,1532054440
24,10,1508071328
11,1,1590465673
25,9,1490692560
24,10,1596030870
18,1,1478339815
13,6,1496364952
19,7,1600603417
16,3,1511731952
8,9,1546905358
18,9,1606074826
5,5,1428013447
11,2,1499440080
6,1,1516970662
24,6,1588969952
6,3,1460820172
3,1,1615186855
3,1,1479373816
13,1,1518639252
25,5,1596162087
6,2,1614075597
8,1,1420445235
10,9,1540008338
8,9,1513978472
5,5,1476668604
7,8,1524807507
2,4,1511580867
2,7,1538063681
11,1,1506852382
14,6,1474473598
20,5,1510296462
1,3,1564523118
7,8,1459458417
19,7,1558644860
15,9,1450095038
11,3,1506796199
12,4,1504104231
19,10,1565031574
2,4,1580640594
3,1,1523639421
3,9,1501795210
21,1,1545032052
13,6,1611617615
25,9,1462200806
10,5,1521955809
19,7,1548090650
1,2,1477124663
21,2,1549611498
10,4,1435527477
16,2,1528997872
5,9,1417620901
1,1,1502136956
8,9,1480737554
13,6,1583209814
11,3,1424042759
25,9,1420408721
25,4,1456062428
18,1,1427551796
9,6,1559760629
12,7,1613588715
20,5,1557334362
23,6,1571714789
10,5,1436167620
5,5,1580928787
4,6,1535515557
1,2,1540347684
10,4,1452874299
2,8,1417033640
5,5,1538230424
6,1,1527567344
24,10,1540386783
10,4,1545859566
24,10,1446978345
16,1,1614179459
23,1,1484709100
7,8,1561568246
23,1,1487559901
25,5,1435537279
21,3,1529852128
25,4,1427433035
7,7,1425000739
1,1,1506171842
3,1,1425352930
7,7,1588199252
25,9,1446555362
11,2,1607308658
1,2,1427044301
15,5,1518714658
1,1,1608821115
23,1,1581023369
20,5,1578032135
21,3,1567752273
25,9,1550786483
25,9,1497484581
3,1,1481239717
14,7,1490330995
15,9,1429640624
8,1,1487723815
7,4,1484665986
12,4,1536320202
18,6,1491544996
23,1,1505763327
18,6,1522078723
9,6,1479377775
18,1,1450071556
20,9,1507027937
20,5,1540344603
5,5,1481972538
2,7,1449003469
1,2,1602151860
6,2,1479714024
5,9,1539870696
8,9,1417352801
17,7,1569112270
17,7,1433228714
23,9,1491916860
8,9,1498742171
20,5,1532522405
10,5,1602804061
8,9,1496390506
20,9,1529618964
5,4,1594874875
16,1,1539683300
12,8,1553193497
15,5,1507503358
20,5,1615826266
19,6,1554613789
25,9,1536953771
5,4,1598051167
16,3,1570000275
5,4,1471312873
17,7,1587894484
24,7,1501631981
12,8,1421640502
8,1,1597727440
4,10,1492111685
23,6,1609251252
21,3,1508404414
23,1,1589315094
6,1,1605071525
6,1,1487338646
4,6,1505753721
12,8,1518072155
11,1,1485772246
20,5,1537442626
17,8,1575869302
9,7,1475933236
7,7,1509195815
23,9,1550597782
4,6,1425327720
9,7,1603505682
13,1,1597928422
16,3,1421755182
14,7,1476418560
15,5,1590637071
21,3,1509505643
18,9,1504350979
3,9,1441841404
11,2,1445416651
16,3,1480884492
9,6,1537773362
12,7,1462422285
16,2,1457236914
19,10,1594622802
10,4,1560338315
17,7,1568727112
9,10,1499924088
2,4,1532946808
8,1,1469269974
14,10,1539931900
25,5,1536252229
17,8,1497916176
16,2,1592715854
10,4,1597803112
5,5,1479590428
15,9,1560843881
17,8,1535422251
20,5,1518779148
8,6,1458107924
7,7,1597769005
5,9,1503007769
1,2,1565208683
2,8,1602722045
13,6,1488720221
24,6,1547310668
6,1,1544841262
22,7,1455234573
5,5,1452839836
8,6,1545287039
12,7,1608458936
15,5,1573070310
23,9,1597178554
11,2,1444004000
20,5,1458543608
11,3,1593756077
10,4,1541174643
12,8,1552191305
12,8,1529270838
16,3,1483637161
24,10,1517871622
17,8,1535406036
19,6,1606184725
6,1,1436716907
21,3,1534372012
19,7,1570199909
14,6,1606435719
4,6,1463418928
18,1,1512926039
10,4,1504447353
1,1,1447088317
11,3,1513994025
24,6,1477960517
19,7,1425119174
20,4,1523140989
14,6,1439047695
5,4,1499645181
23,6,1581827764
10,4,1557361847
14,7,1442867313
6,2,1454113438
8,1,1499938781
25,4,1470179438
21,1,1575211872
19,6,1451507955
5,9,1516140788
16,2,1438699541
5,5,1459777573
15,9,1539958994
2,8,1419082268
20,5,1551035203
24,6,1464100982
12,4,1438565114
3,1,1440157854
22,7,1518758671
6,3,1481984165
2,8,1566287009
16,2,1575208498
11,1,1504045209
21,1,1544986422
16,2,1425316031
10,9,1513969614
1,3,1437233539
8,1,1457134086
23,1,1431169222
15,5,1611866846
14,7,1566858856
3,6,1544807620
5,9,1480335568
13,1,1475958498
11,3,1423366750
17,7,1517534524
18,6,1553843197
21,3,1448418148
21,3,1607949159
5,9,1560454949
13,1,1428846599
6,3,1550069893
9,10,1449266725
11,1,1441636522
3,6,1498693598
20,4,1501561693
24,10,1608104618
2,8,1506219723
7,7,1590122916
7,8,1450423528
7,7,1431944813
3,9,1525359826
9,10,1454945858
3,9,1571314113
9,7,1561474635
1,1,1521999887
6,1,1443480173
21,1,1445598919
20,5,1507252592
11,3,1573724277
10,4,1495976547
8,1,1472246147
4,7,1576953610
11,3,1557038460
19,7,1469775966
2,7,1437882198
8,9,1479544136
12,4,1507090860
11,1,1442984307
24,10,1491527333
1,2,1494084451
20,4,1552287063
19,6,1516132824
18,9,1529792265
21,2,1484552484
22,8,1476051328
19,6,1456148064
6,2,1590787170
7,7,1561467350
20,9,1602367238
19,7,1527157442
2,8,1532483872
18,1,1600235681
4,7,1607799970
1,3,1598603875
23,6,1521263488
2,8,1461361613
20,9,1493083842
13,1,1534671554
10,9,1545485919
18,6,1456044610
9,7,1567913429
13,9,1424407476
22,8,1431445114
18,1,1436976104
2,7,1572441294
7,8,1514723711
21,3,1593320809
4,10,1490067325
16,1,1561351901
7,7,1580077915
24,10,1516082931
3,9,1466010903
9,10,1502717936
25,9,1440968801
6,3,1448019649
22,7,1532483628
20,9,1422047767
13,6,1456834522
15,4,1530448244
22,7,1513101984
15,9,1597866528
23,1,1583711771
19,10,1440719084
7,7,1539788524
12,7,1486653505
1,2,1565268928
1,1,1505883386
14,7,1466269165
14,6,1529379205
18,1,1573247431
21,1,1443297693
22,4,1552612169
24,6,1502283779
25,9,1552100450
22,7,1449838900
21,2,1584499245
22,7,1542215425
19,7,1527089685
22,7,1426698048
2,8,1578540737
10,5,1557154065
23,1,1532451217
18,1,1452362286
11,3,1606593609
21,1,1417998204
24,6,1525923573
6,1,1517356569
12,8,1597122752
7,4,1502635074
23,9,1440217146
8,9,1453809760
14,6,1460000974
3,6,1495994986
18,9,1602589935
3,6,1441381082
2,7,1585249061
10,5,1429247880
16,1,1578110343
15,4,1607371634
16,2,1585916715
17,8,1533819822
3,1,1503721939
5,9,1522330856
4,10,1452517798
23,9,1595567808
18,6,1439273723
17,7,1523271797
25,5,1517638581
15,4,1442905136
5,5,1441827060
10,5,1465553961
5,9,1554148675
13,1,1604010286
15,5,1456828602
7,7,1451776001
10,9,1549532179
17,7,1523611535
2,4,1588350196
17,4,1508872510
8,1,1505300043
2,8,1439910541
22,4,1589226464
20,5,1462450869
6,1,1524450835
3,6,1505583383
25,4,1570147587
3,6,1516791180
7,4,1496445525
12,4,1540229665
24,10,1474218621
1,2,1565844210
6,2,1537815527
16,3,1476359048
23,9,1491767823
15,4,1508589847
16,1,1569500969
13,9,1477198733
16,2,1555476522
25,4,1527056381
10,9,1488118844
18,6,1492861960
11,1,1574528773
16,3,1592984637
13,9,1512794193
21,2,1500780209
7,8,1469367318
2,7,1500113819
6,1,1526866226
9,10,1517076327
16,3,1488972169
15,9,1505913596
22,7,1533027313
9,7,1475026603
10,9,1564706863
2,7,1507362617
9,6,1536087297
12,4,1436170629
12,4,1550300410
8,1,1455524195
16,1,1517568630
6,1,1526743586
22,7,1612091116
23,6,1592440533
14,7,1596029386
13,6,1506269194
13,9,1576522203
17,4,1613444099
10,9,1458296120
20,4,1450478920
13,1,1582899477
22,4,1581614210
4,7,1610824306
25,9,1461631970
18,6,1585496153
12,8,1532834574
6,2,1615506855
5,5,1610536905
9,10,1558033509
21,3,1568667692
7,4,1563491109
15,4,1461919398
24,6,1524477706
15,9,1575686894
16,3,1507726718
22,7,1589359988
21,2,1578108624
15,4,1578442112
23,1,1574346950
2,4,1600407479
17,8,1611339242
5,4,1529538882
9,6,1506531660
12,4,1438420781
11,3,1556307090
4,6,1540043199
9,6,1450377765
18,6,1614582748
12,8,1532090970
25,4,1455065306
8,6,1447653561
2,8,1489812277
24,10,1508159807
17,7,1505586093
5,4,1467851006
12,4,1462222407
3,6,1520325908
18,1,1530698733
18,6,1522950959
15,4,1440893247
12,4,1563630300
15,9,1582940333
25,9,1547471040
15,4,1585669752
21,2,1498287556
17,8,1432550488
17,7,1470282960
8,9,1457691531
19,7,1508659131
21,2,1442975173
6,3,1553969493
13,6,1594414265
8,1,1453606343
2,4,1596633187
17,7,1454924963
20,9,1538184875
7,7,1459571194
22,8,1604282816
5,9,1527420856
13,6,1527760317
2,8,1521030236
16,2,1606801816
10,5,1424795127
2,7,1448630937
16,3,1523834858
22,4,1503910773
1,3,1441559896
8,1,1451961243
16,2,1434023461
19,10,1577298561
13,6,1462157470
14,10,1465677373
16,3,1420232728
24,6,1446538330
22,7,1472328864
18,9,1419865351
24,7,1515682238
3,1,1590166488
22,7,1515293267
16,3,1556370472
13,6,1568322106
3,9,1533429268
12,8,1494740678
3,1,1560283961
23,1,1600666706
14,7,1592844071
1,3,1512391847
9,7,1527563988
8,1,1521424288
11,1,1511475038
10,5,1468751051
6,1,1570673871
11,3,1592806307
23,6,1601758476
23,9,1499825678
4,6,1492046117
11,3,1564874670
16,3,1446563789
3,1,1595603430
17,8,1422106508
13,6,1452182174
1,3,1557678618
15,4,1424733240
8,6,1460534348
11,1,1584779900
3,1,1582789714
16,1,1488354645
7,8,1526169103
9,10,1498517663
23,9,1469631675
22,8,1554678844
13,6,1598143464
1,1,1439298458
16,2,1562121534
10,5,1578953104
15,9,1609128445
15,5,1590417943
21,1,1497748955
13,6,1456881964
19,7,1555385332
8,1,1612130111
11,1,1454283257
9,10,1452846133
2,4,1426503400
14,6,1598955775
12,7,1504693957
9,6,1564467067
20,4,1519965387
6,1,1500617401
16,1,1485744807
20,9,1593077674
8,9,1469944393
19,10,1596275877
22,4,1535472215
20,9,1524067919
10,4,1567526153
16,2,1522125038
6,3,1540474251
7,4,1423549690
21,1,1423822598
14,6,1487888258
25,9,1453330734
6,2,1614658097
19,6,1554740943
8,6,1421168179
7,8,1532310284
11,1,1500019080
6,2,1615649416
16,3,1587604793
11,3,1458633476
8,9,1579474907
21,3,1443014905
4,6,1544939758
25,9,1440996799
1,1,1471830940
6,3,1427460426
25,4,1425532076
22,4,1571613320
20,5,1508138030
5,5,1476921641
12,4,1559743051
3,9,1458541261
22,8,1607101536
24,6,1575613798
6,1,1527296442
12,8,1458703637
1,1,1533303250
25,5,1530964701
5,4,1452070741
3,6,1523874218
11,1,1453115956
2,8,1597276337
4,6,1553251164
19,6,1448233884
12,4,1466114571
14,10,1609442022
11,3,1471758133
7,7,1610167565
19,6,1530490706
19,10,1461881648
6,3,1588105379
21,1,1532606292
7,4,1481114383
20,5,1436305251
5,4,1503071795
2,4,1527869514
11,3,1561507927
17,7,1610579952
6,2,1544099983
21,3,1416162830
10,9,1442135836
12,7,1497840254
10,9,1483131069
7,8,1513912509
19,6,1434608258
22,4,1595446375
6,1,1542427421
15,4,1525542845
24,6,1535098488
21,1,1554758884
6,1,1565243000
3,9,1576612035
8,6,1498476632
7,4,1435563522
23,1,1447763938
3,1,1463480495
15,5,1539345861
4,7,1570217585
22,8,1493506302
6,2,1454007931
17,8,1430168139
5,4,1502499251
21,1,1461214998
9,7,1499232640
22,8,1416958645
16,1,1453114931
17,7,1441562149
11,1,1488996087
23,9,1468793535
13,9,1613406746
22,4,1494039382
21,2,1615098002
19,7,1488779205
24,10,1613531735
25,5,1465914480
7,7,1604396435
17,7,1558983308
13,1,1596402897
7,8,1512197950
5,5,1609549319
21,1,1426338080
9,10,1446794621
6,3,1480875559
22,8,1488217140
5,4,1498035620
9,7,1602621957
15,4,1438465455
13,6,1610129961
9,6,1502157128
18,1,1560859482
24,6,1508038450
6,2,1549410921
25,9,1513910600
6,1,1443299421
1,1,1571335486
22,4,1471721969
12,8,1450379741
7,4,1440338977
23,1,1548093795
10,5,1462563812
13,6,1521719712
22,7,1550723998
2,7,1503444807
14,7,1479872852
21,2,1479665893
7,7,1520773561
13,6,1572949510
2,8,1496818655
9,7,1523619939
17,4,1600989760
23,9,1545609609
22,7,1495274651
4,6,1531864870
11,2,1529667445
4,6,1547285227
20,4,1494980535
3,9,1501163437
25,4,1469079586
19,7,1473256223
6,2,1452313139
23,6,1550880700
16,1,1517178650
19,7,1524541097
15,5,1442293139
2,8,1503024240
10,9,1597577231
15,9,1416826889
13,1,1474977045
22,8,1584914699
22,7,1581784855
6,1,1585292034
19,7,1541460180
1,3,1544646327
3,6,1533199387
20,9,1561563527
20,9,1547864366
16,2,1587317637
19,7,1476957591
1,1,1428899572
10,9,1520112604
11,1,1592904845
4,10,1604935187
22,8,1570457028
20,5,1539275989
20,4,1456988781
17,4,1558855501
23,9,1559317516
9,6,1466253675
2,4,1538557998
9,6,1421963669
18,1,1594579050
25,5,1565919445
19,10,1564718784
20,4,1478413866
7,7,1532235943
24,7,1469713947
23,6,1585760393
18,9,1610657734
18,1,1443453558
12,8,1502914079
3,1,1504825083
4,6,1494995945
3,1,1598621735
21,3,1613745172
21,2,1492363112
3,9,1461510296
7,7,1470682443
8,6,1598391663
19,7,1528835959
25,4,1594133531
15,4,1539425592
12,4,1599747918
9,7,1419720844
2,7,1433595032
10,4,1608118504
11,2,1498037656
6,3,1576770552
15,5,1598997238
4,10,1608723808
13,1,1547873187
22,7,1434367967
24,6,1519864770
19,10,1451682003
3,9,1536813174
12,7,1451704108
3,6,1572243085
8,1,1532491634
3,6,1515165707
17,4,1506500547
7,7,1538203606
13,6,1423302660
18,1,1474215054
22,8,1465537814
5,4,1526161621
2,4,1510632402
6,2,1488682595
5,4,1551082260
20,9,1428432661
2,8,1561398144
19,10,1460018470
11,3,1539729623
14,10,1580399200
17,8,1607719211
9,7,1449438891
6,1,1516486941
1,3,1543254602
21,3,1453606068
8,1,1507612930
5,5,1559971286
24,6,1489021242
20,4,1567801634
3,6,1447685407
16,2,1615134976
11,1,1487695945
11,1,1452252526
5,4,1429908086
24,6,1604208756
4,7,1496334679
3,9,1523594055
17,7,1584718854
14,10,1564322863
3,6,1430687875
8,1,1588153198
2,8,1545671596
24,6,1555198107
23,9,1530599630
1,2,1454226350
11,3,1561932561
23,1,1508143970
23,6,1440259822
18,6,1545317830
4,6,1579470366
3,9,1423309620
3,9,1507569866
13,9,1598810151
7,4,1422852336
16,3,1442619529
14,10,1507375418
16,1,1464443752
25,5,1611275356
8,6,1563477694
6,2,1581308676
9,6,1608325651
21,1,1466365291
5,4,1582752233
6,3,1446658165
7,7,1578321827
6,1,1588124123
12,4,1549855638
3,1,1547726231
18,6,1584767125
24,6,1594986033
15,4,1417400756
8,6,1610607578
1,3,1552175342
13,6,1539470178
13,6,1596652907
20,4,1517197253
20,9,1485087471
5,9,1499747394
18,6,1614431855
12,7,1589223290
12,4,1571113417
22,7,1448416402
14,7,1525671734
22,4,1541675472
19,6,1452527704
25,5,1460707720
24,10,1555470672
3,9,1504467238
24,10,1533941003
7,7,1467687103
20,9,1431767648
1,1,1478775769
1,2,1522879845
1,3,1487301150
17,4,1492667036
2,7,1469466958
24,10,1553581400
4,6,1565704749
20,9,1421527494
5,4,1549972077
2,8,1480362152
10,4,1591917946
17,8,1487049809
2,7,1505203311
9,6,1463972547
1,3,1518396136
17,7,1420200481
12,4,1552343896
14,6,1606414169
2,4,1511707536
23,6,1431699288
8,9,1596117391
10,5,1584307251
16,2,1438658642
14,10,1592608708
9,6,1449851671
24,7,1489269152
13,6,1499905882
10,9,1553271805
12,8,1580096836
15,5,1550327714
5,9,1481352117
21,3,1548094724
12,7,1606768269
16,3,1559128886
7,8,1523850066
18,9,1477943077
8,1,1419706504
25,9,1508528959
2,4,1482690082
3,9,1610925093
20,4,1450320665
7,4,1615847727
4,10,1417054121
12,7,1435843197
20,9,1573213841
1,2,1510793998
7,4,1466508157
20,4,1479524065
20,4,1528144513
21,3,1462923999
14,10,1582469269
16,3,1509656020
10,9,1576085061
12,8,1605158650
2,7,1516573687
3,6,1493082646
18,9,1609969704
14,6,1441991928
20,5,1574627938
12,4,1550458209
6,3,1536754946
19,10,1557097191
9,10,1498322807
9,10,1525527522
9,7,1420548385
1,3,1595248124
9,6,1556319213
24,6,1432996345
20,4,1448482525
13,6,1418404990
2,8,1430708649
8,1,1599039289
2,8,1447677134
23,1,1612426876
21,3,1450444511
9,7,1423486045
10,9,1509196495
24,6,1570473441
17,7,1480779303
20,9,1465794106
23,9,1435981434
1,3,1484933122
21,2,1511116188
17,8,1428486819
19,6,1480156273
14,10,1465692899
8,6,1471810199
4,10,1603952893
3,6,1536525705
9,6,1580952917
16,3,1608500057
4,7,1564845622
16,1,1536252820
15,4,1579015210
8,1,1433970514
4,10,1503786277
23,9,1538109599
4,6,1614917436
20,5,1580237616
11,2,1560829008
1,3,1502427587
15,4,1549337111
21,2,1483024296
20,4,1590962490
15,9,1522541740
6,3,1444687545
14,7,1498281815
18,6,1529638119
4,6,1470276892
4,10,1488474890
2,7,1481969627
8,6,1563114237
1,2,1547143126
9,10,1472958110
23,1,1439769489
20,9,1502798143
14,6,1579633309
19,6,1537463649
6,1,1533038831
8,1,1518610026
5,5,1496521218
9,6,1504795799
5,9,1591621973
14,6,1603300646
18,6,1574442111
25,5,1426041013
11,2,1488185762
24,10,1586817247
21,1,1495267132
3,1,1529323115
14,6,1433272979
22,8,1566947601
12,4,1568637802
17,8,1577045305
21,1,1512874867
9,7,1463209924
9,10,1585039410
1,2,1589987765
25,4,1557510034
12,4,1556288588
3,1,1504302565
20,9,1547879053
5,9,1421362428
16,3,1575120739
5,4,1425229744
8,6,1459289855
8,1,1427058603
25,4,1492232176
22,7,1434347539
20,9,1457807388
18,6,1483354151
17,8,1506918087
5,5,1514009306
18,1,1485021840
5,5,1602035629
20,5,1513773871
3,1,1483538850
6,3,1534027093
21,3,1545089209
15,9,1564615777
18,6,1437179174
6,3,1587987458
3,9,1577898366
6,2,1599976732
18,6,1462707143
12,7,1604040274
20,4,1601410604
24,7,1479389149
11,1,1524429396
17,8,1550986179
22,4,1560814841
25,5,1566758422
21,2,1538018666
10,5,1438362626
17,8,1550214133
16,1,1519141489
15,9,1443400760
24,10,1615578687
19,10,1590482798
5,9,1450441439
21,2,1559182011
12,4,1446468862
23,1,1437407458
14,6,1568618101
21,2,1597671018
15,9,1486206118
11,1,1460727268
16,1,1490384059
12,4,1471013270
15,4,1599845389
2,4,1600324934
4,10,1460142037
15,9,1552307435
25,4,1430008832
7,8,1499493948
14,10,1591562532
20,9,1437289606
3,6,1449526768
4,10,1607579547
20,9,1498330590
20,9,1564738221
2,4,1513044769
8,9,1519385848
1,3,1486154167
15,9,1487910882
11,1,1446154843
7,7,1535465321
4,7,1427234479
2,8,1524354990
12,8,1574347463
24,6,1434780326
14,6,1446043451
1,3,1467995105
3,9,1584859173
25,4,1417704001
4,6,1497142989
22,7,1426274343
9,10,1434354242
8,9,1493295596
6,3,1540943019
1,3,1433029412
8,1,1615535534
5,5,1583469893
11,3,1476054075
3,1,1537435379
14,10,1544843361
2,4,1537770972
15,4,1588769345
5,9,1497282630
5,4,1477043651
14,10,1528771980
22,8,1590822368
4,7,1437833028
1,2,1576131564
3,1,1488772065
22,7,1441879078
19,7,1567562792
4,7,1526031698
9,7,1416780612
10,4,1571443681
12,8,1452258949
10,4,1555166137
16,3,1452758876
3,1,1560895511
2,4,1544634829
14,7,1611792578
14,7,1468825308
15,5,1574154944
10,9,1568265769
4,10,1556299499
5,9,1423288737
14,6,1467063061
7,4,1516914976
6,1,1611713977
17,4,1504306245
14,6,1438479119
22,8,1604232496
7,8,1518069333
13,1,1477996114
25,9,1429461256
18,6,1526104282
21,2,1583152058
13,1,1590626904
5,9,1524524720
18,9,1513095161
5,4,1610800058
13,9,1547675387
14,10,1548307962
12,7,1450123314
1,2,1452341649
7,7,1525710480
6,2,1594092712
16,1,1510038907
9,10,1424701843
24,7,1568317187
4,6,1594997340
20,5,1454434956
17,7,1591836729
18,6,1429759613
11,2,1591728208
14,10,1526627358
12,7,1604719841
22,8,1533790916
18,6,1557115574
6,2,1535128179
9,10,1520492666
24,7,1438081217
24,10,1447506848
2,8,1543480537
16,2,1456311623
17,4,1612786457
14,6,1564497642
22,4,1552346720
15,4,1585319779
1,3,1516515244
10,5,1416691447
22,4,1418200925
6,1,1419328361
20,9,1558649991
18,6,1482857634
4,6,1455328417
20,5,1552839473
9,10,1560044933
20,4,1454919504
13,6,1483637156
9,7,1579811749
21,2,1457130839
12,4,1448420379
20,5,1417541040
25,9,1558874857
18,9,1611527825
14,10,1447590743
3,1,1422164956
2,4,1583836945
15,4,1506181199
15,5,1458471251
17,7,1539471030
21,3,1478506831
18,6,1566146928
9,6,1613640737
6,2,1490015760
7,4,1582056284
7,8,1604035947
10,5,1501871751
6,3,1433941509
18,1,1516962111
16,3,1593433980
6,1,1541814262
2,4,1582007177
14,7,1449939683
17,8,1541642428
16,2,1523101300
8,9,1453558267
8,9,1496155887
24,6,1451447158
25,9,1437160577
1,3,1441008979
14,10,1567743980
7,7,1607966136
22,4,1605170043
1,2,1426946378
22,7,1556694995
24,10,1485858356
15,5,1446042461
17,7,1495712436
23,6,1493897440
13,9,1497635098
10,4,1601380647
22,4,1531014484
14,10,1506132599
6,2,1430741954
24,10,1428338104
10,9,1513220564
3,6,1459243085
21,3,1549544022
18,9,1587711808
21,1,1511581619
16,2,1589329952
24,7,1594364318
18,9,1541271277
21,1,1538317547
11,2,1530294378
5,4,1419201612
20,4,1432213449
15,9,1541071166
10,9,1426382567
5,4,1474657411
19,7,1580552832
16,2,1569044284
14,6,1567885406
22,7,1593658506
10,9,1455732787
23,9,1429176066
13,1,1468595973
15,9,1613374181
23,6,1428207613
1,1,1439124388
6,2,1453754301
16,1,1531456550
13,6,1459745124
21,3,1423449679
14,10,1577477965
19,7,1524430637
15,9,1453416316
4,10,1509326799
21,3,1593094399
19,10,1530880312
13,9,1476067985
7,4,1439095011
8,6,1586872410
21,1,1555026827
23,6,1563982743
18,6,1596916513
10,4,1519083603
12,8,1615533747
8,6,1458060510
17,8,1446652853
1,2,1455297014
21,3,1424494736
22,7,1576338715
23,1,1502645132
14,10,1501495944
22,7,1458104292
1,3,1542510101
13,6,1552729494
10,9,1597917957
22,8,1536505694
19,10,1463720582
17,8,1538502677
20,9,1536549997
16,2,1549342190
14,10,1511669454
8,9,1575224947
13,9,1529856515
16,2,1501756926
2,8,1469151168
16,3,1421678835
22,8,1592401099
20,9,1522779707
10,9,1453330965
2,4,1421834083
1,2,1454326868
9,6,1432881828
19,7,1435750212
9,10,1447396597
22,7,1507200206
22,4,1452013698
24,6,1567220227
12,4,1602529097
19,7,1474576769
18,1,1449144460
4,7,1538699710
3,9,1523777120
6,2,1588046992
20,5,1589385471
9,6,1564699515
9,10,1419633222
6,2,1492632288
18,6,1544535226
21,2,1613117198
21,3,1486669064
19,7,1591452217
17,8,1454222241
17,7,1416795137
8,6,1490040088
18,9,1565380871
16,2,1551408268
12,8,1530479878
13,9,1566065667
14,7,1542011848
25,9,1559989950
8,1,1468027602
11,1,1451103818
7,8,1493438021
22,7,1457035617
1,1,1502438182
10,9,1591071752
9,10,1485109102
3,1,1580031910
13,1,1430943667
8,9,1460439693
13,6,1437576547
8,9,1508164746
9,7,1501456661
12,7,1471900933
20,4,1440808225
14,7,1533297966
8,6,1439665916
23,6,1541191156
18,9,1461435735
11,1,1520148012
9,7,1427075601
24,10,1417795187
5,5,1466354526
7,8,1548821568
3,1,1599656604
9,10,1458021700
15,5,1610549035
13,6,1565686878
23,9,1578171837
8,6,1467598743
3,1,1501980969
5,9,1531711871
14,7,1503824334
1,3,1608143955
1,3,1549859914
12,7,1511166515
18,1,1533479852
14,7,1550721709
1,2,1507732639
2,4,1483067708
24,6,1429011059
25,5,1482975577
5,5,1518729372
11,2,1442649802
11,1,1557219702
18,1,1465512713
8,6,1433998674
24,7,1504355388
5,9,1465501061
9,7,1554038142
1,3,1500179302
15,9,1533938343
13,6,1525815904
10,5,1560167400
20,4,1495991978
17,8,1460175879
23,1,1457301517
19,6,1499403470
3,6,1513785458
14,6,1426956735
13,9,1432496280
12,8,1527749792
15,9,1564764992
14,7,1463765933
18,9,1519217849
9,6,1576722379
9,10,1598282814
16,3,1462336279
10,9,1525906877
4,6,1467432908
3,9,1454307560
5,4,1428630390
11,3,1610252173
3,6,1422319579
15,9,1595222376
14,7,1485498552
6,1,1615665568
9,7,1510416441
11,2,1475235271
4,7,1484965722
7,4,1511241997
6,2,1611598973
20,9,1584281195
19,10,1423512707
23,6,1493149980
13,9,1513743318
22,8,1532925212
9,6,1448886953
17,7,1536366732
21,1,1445117191
12,4,1614878897
24,6,1483782532
1,2,1524086063
18,9,1611949419
23,6,1445052449
14,6,1561266601
4,6,1442892288
11,3,1438877094
8,9,1485274976
20,9,1483861020
3,9,1483823002
3,1,1422734317
12,4,1443033405
5,9,1550996043
14,7,1551370165
16,3,1447164422
22,8,1421744543
18,1,1460701191
12,4,1582625931
21,2,1460708240
3,1,1602230160
18,6,1504226077
8,6,1601442847
12,7,1449464753
20,4,1567630004
6,3,1419424955
16,3,1496138511
3,1,1596395693
5,9,1484608551
2,4,1569427652
3,6,1463522117
9,7,1537722085
6,1,1549326364
2,4,1614668310
11,2,1448144574
8,9,1541276673
1,3,1471283670
16,1,1487715151
23,1,1529463774
2,7,1555424308
7,7,1500088495
19,10,1542678667
12,4,1599450617
5,9,1546595203
14,7,1569338907
12,8,1460502965
14,6,1448509253
2,8,1534781085
13,9,1566429554
23,6,1490419332
25,4,1422071890
21,1,1565831897
2,7,1549340609
3,6,1454935637
4,6,1478013848
8,6,1578348633
12,7,1443430427
8,6,1471456687
2,7,1510132587
22,7,1451738634
23,1,1477925743
23,1,1557743097
17,8,1604130723
10,9,1593551725
20,5,1448182687
20,9,1443890499
3,9,1584780976
13,1,1510401767
24,10,1456347791
3,1,1432629627
21,1,1486219990
16,2,1474903883
6,2,1472617530
17,7,1557325798
6,2,1502795361
19,7,1462077282
9,6,1529150970
15,9,1434720619
11,2,1424993542
11,2,1471248290
10,4,1519615539
1,1,1596381411
14,6,1504083508
24,10,1607291366
10,5,1589662811
25,9,1450068813
11,3,1601895993
18,9,1425928862
9,7,1563802900
2,8,1447506014
15,9,1592222228
14,6,1550616788
21,2,1593652892
8,6,1464090738
20,5,1558815250
13,9,1440178975
4,6,1570235980
23,6,1525349947
17,8,1450252760
20,4,1442836975
8,6,1476532542
6,1,1541701879
12,4,1591996607
8,1,1514849359
8,9,1580513651
5,9,1496783148
